capability,method,input_schema,output_schema,caliber,unit,frequency,lag,dataView,auth,rate_limit,sla,notes
public.kline.self-compute,read,"{""symbol"": ""string""}","{""percentiles"": ""number[]"", ""volatility"": ""number"", ""drawdown"": ""number""}",新浪/腾讯公开K线自算口径,元·指数,日更,T+1,internal,公开接口(无需凭据),10 QPS,尽力而为,自建数据引擎：四档分位/年化波动/最大回撤/相关矩阵/拥挤度/风险贡献分解
macro.official.verify,read,"{""indicator"": ""string""}","{""value"": ""number"", ""caliber"": ""string""}",统计局/央行官方口径,元·%,月更,T+1,internal,公开(无需凭据),—,—,官方口径核验：社零/M层次/GDP平减等口径锚定
westock.sector.valuation,read,"{""industry"": ""string""}","{""pe_ttm"": ""number"", ""div_ttm"": ""number"", ""percentile"": ""number""}",westock,倍·%,日更,T+1,internal,需 westock CLI,--,--,v27 接入：申万行业 PE/PB/PS/股息率 TTM + 历史百分位(PeTTMPct/PbLFPct/DivTTMPct)；消除 carry 表跨来源拼装
westock.sector.forecast,read,"{""industry"": ""string""}","{""eps_forecast"": ""number""}",westock,元,季更,--,internal,需 westock CLI,--,--,v27 接入：申万行业盈利预测（一致预期），补此前「无一致预期」缺口
westock.quote.fx,read,"{""pair"": ""string""}","{""series"": ""number[]""}",westock,--,日更,T+1,internal,需 westock CLI,--,--,v27 接入：外汇历史序列，解决 gap-003（人民币汇率/美元指数本机无历史序列）
fund.north-holding,read,"{""date"": ""string""}","{""holding"": ""number""}",北向,亿元,日更,T+1,internal,公开接口,--,--,v28 新增：拥挤度「持有人结构」一条腿的一手数据
stock.cross-sectional.factor,read,"{""industry"": ""string""}","{""factors"": ""object""}",申万,倍·%,日更,T+1,internal,公开接口,10 QPS,尽力而为,v28 新增：个股级股息率/价值(PE·PB)/规模/动量/换手，替代原「10 指数代理」
csi.index.perf,read,"{""index"": ""string""}","{""price"": ""number[]"", ""pe_roll"": ""number[]"", ""total_return"": ""number[]""}",中证,--,日更,T+1,internal,公开接口,--,--,v29/v34 接入：中证 index-perf 一手面板（价格 + 滚动 PE + 全收益，2015 起）；全收益与价格日收益差累计反推 TTM 股息率，是主动收益① 项的一手来源，消除 gap-005 的代理检验
wind.edb.query,read,"{""question"": ""string"", ""beginDate"": ""YYYY-MM-DD"", ""endDate"": ""YYYY-MM-DD""}","{""metrics"": [{""meta"": {""code"": ""string"", ""name"": ""string"", ""unit"": ""string"", ""source"": ""string"", ""freq"": ""string"", ""updateDate"": ""string""}, ""date"": ""string[]"", ""value"": ""number[]""}]}",Wind EDB 口径,随指标,随指标,随指标,internal,需 WIND_API_KEY（~/.wind-aifinmarket/config > skill config.json > env）,—,—,"取数优先级第 1 档（强制先试）。**注意：query 只收 question（+可选 beginDate/endDate/observation/targetMagnitude/targetCurrency/targetFrequency），不收 indicator_code —— 传 indicator_code 会返回 PARAM_VALIDATION_ERROR（2026-09-30 实测）**；指标代码由 search_economic_indicator 取得，用于**引用与溯源**而非作为入参。实测：question=""沪深300指数收盘价"" 返回 M0342072（点，上海证券交易所，日频）；question=""中国CPI当月同比"" 返回 M0000612（%，国家统计局，月频，截至 20260831）"
wind.edb.metadata,read,"{""question"": ""string""}","{""indicator_code"": ""string"", ""name"": ""string"", ""unit"": ""string""}",Wind EDB 指标元信息,—,—,—,internal,需 WIND_API_KEY,—,—,指标元信息/代码确认（search_economic_indicator）；用于给每个宏观数字挂指标代码
